Date,Ticker,Close,High,Low,Open,Volume
2023-01-03,AAPL,123.33065032958984,129.07956676089162,122.44316513126005,128.4681939201586,112117500
2023-01-03,GOOGL,88.50953674316406,90.42631667651999,87.91364064095848,88.97631091009568,28131200
2023-01-03,MSFT,234.42356872558594,240.46077124140547,232.29048067163205,237.84823891620616,25740000
2023-01-04,AAPL,124.60269165039062,126.87070818781424,123.34049402108371,125.12531965096696,89113600
2023-01-04,GOOGL,87.47666931152344,90.02906496049344,86.67221251659535,89.73111687687052,34854800
2023-01-04,MSFT,224.16912841796875,227.85797664505387,221.09671066302377,227.28067869083657,50623400
2023-01-05,AAPL,123.28132629394531,125.9930816643783,123.02494756660151,125.3619828345772,80962700
2023-01-05,GOOGL,85.60954284667969,86.97016132679408,85.3116023377022,86.8708478238016,27194400
2023-01-05,MSFT,217.52528381347656,222.6525101847704,216.9871183182412,222.31003716133554,39585600
2023-01-06,AAPL,127.81736755371094,128.4780480462767,123.15315196037015,124.25757880895641,87754700
2023-01-06,GOOGL,86.74172973632812,87.0893383476196,84.2787216281847,86.19550170469084,41381500
2023-01-06,MSFT,220.08888244628906,220.90102036196717,214.62899248610293,218.20042850517999,43613600
2023-01-09,AAPL,128.33999633789062,131.55466910779157,128.08361757784448,128.6555533163335,70790800
2023-01-09,GOOGL,87.41707611083984,89.43317735489786,87.25817602105704,87.75475111447206,29003900
2023-01-09,MSFT,222.2317352294922,226.26307141609416,221.53702478368263,221.57615730202494,27369800
2023-01-10,AAPL,128.9119415283203,129.4345696464241,126.33823803970584,128.44847658636624,63896200
2023-01-10,GOOGL,87.81434631347656,88.06263388453512,85.24209071433492,85.39106477239713,30467800
2023-01-10,MSFT,223.92453002929688,226.33157576127422,222.43724039296023,222.85797845401495,27033900
2023-01-11,AAPL,131.633544921875,131.6532559460779,128.64568467754964,129.4246914378982,69458900
2023-01-11,GOOGL,90.89310455322266,90.9725583891189,88.40030296334042,88.56913668176881,26862000
2023-01-11,MSFT,230.69558715820312,230.87170589795403,226.1358795554185,226.31199829516942,28669300
2023-01-12,AAPL,131.55467224121094,132.39284227281698,129.6120678053339,132.01813716022232,71379600
2023-01-12,GOOGL,90.50576782226562,91.24070436753142,89.13522338270101,90.85337642641241,30258100
2023-01-12,MSFT,233.37660217285156,234.73668494527053,228.53314279943885,230.1965511287431,27269500
2023-01-13,AAPL,132.88587951660156,133.04365799858422,129.82900042275443,130.19384999657817,57809700
2023-01-13,GOOGL,91.4889907836914,91.55851098824732,89.51261661092427,90.22768590186173,26329200
2023-01-13,MSFT,234.0811309814453,234.2181172124819,229.86389601484052,231.8991306833696,21333300
2023-01-17,AAPL,134.0494842529297,135.38070076927318,132.26465833803292,132.95492042575748,63646600
2023-01-17,GOOGL,90.6646728515625,91.6180960310852,89.4331688584874,91.42939508883157,32602400
2023-01-17,MSFT,235.17703247070312,235.72497738718545,231.98718681629944,232.84825164527405,29831300
2023-01-18,AAPL,133.3296356201172,136.68234566241608,133.15213106325567,134.91724588612811,69672800
2023-01-18,GOOGL,90.49584197998047,92.1643344905254,90.0191265867673,91.50885177199906,29116700
2023-01-18,MSFT,230.73471069335938,237.16331319071614,230.4509588691296,236.37074903194667,30028700
2023-01-19,AAPL,133.38877868652344,134.35514542774973,131.9096394708051,132.2153258346004,58280400
2023-01-19,GOOGL,92.41261291503906,92.96877450470505,90.00918409441093,90.09857153682633,37000400
2023-01-19,MSFT,226.938232421875,230.4509772666671,225.71513580011168,228.74842139423623,28623000
2023-01-20,AAPL,135.95262145996094,136.1005444209002,132.35338844252215,133.3986444948596,80223600
2023-01-20,GOOGL,97.34857177734375,97.62666017673301,94.36912140666584,94.44857523506278,63191100
2023-01-20,MSFT,235.04981994628906,235.55863232657438,229.46270795242353,229.80518098211877,35389800
2023-01-23,AAPL,139.14761352539062,141.32688614093584,135.98224769941717,136.19918940943845,81760300
2023-01-23,GOOGL,99.10646057128906,99.35474812430549,96.8321456764025,97.27906024097814,40005100
2023-01-23,MSFT,237.35899353027344,239.89324581557503,234.49204766030977,235.91085150015493,31934000
2023-01-24,AAPL,140.5478515625,141.16909504465488,138.3488681121143,138.35872362656914,66435100
2023-01-24,GOOGL,97.03076171875,98.92768204637555,96.53418666885439,97.42802327409328,33078500
2023-01-24,MSFT,236.8306427001953,238.69953795471773,235.2650879547733,237.28074883436128,40234400
2023-01-25,AAPL,139.8871612548828,140.44922647148869,136.87957443059517,138.93064978868992,65799300
2023-01-25,GOOGL,94.56776428222656,95.5013279050371,93.11776588375292,94.91536534057045,42330000
2023-01-25,MSFT,235.43142700195312,238.0635333641679,225.93040571836002,229.43335629238763,66526600
2023-01-26,AAPL,141.9579620361328,142.2439224000094,139.92659771489312,141.178940100887,54105100
2023-01-26,GOOGL,96.85200500488281,96.90166554616475,94.72666416473407,95.83899512609038,30114000
2023-01-26,MSFT,242.66233825683594,242.9656637907967,236.79147523449313,238.4059565934867,33454500
2023-01-27,AAPL,143.90052795410156,145.18245171809102,141.09017225065355,141.16906148730033,70555800
2023-01-27,GOOGL,98.68933868408203,99.63282834879519,96.6434441075587,96.6434441075587,33879800
2023-01-27,MSFT,242.8189239501953,244.45297920647357,241.51754738385625,243.6310618794315,26498900
2023-01-30,AAPL,141.0113067626953,143.52584706043817,140.863398823187,142.9440557695909,64015300
2023-01-30,GOOGL,96.2759780883789,97.61672927716072,95.73967609743931,96.8122800793185,27226200
2023-01-30,MSFT,237.48619079589844,240.3139891044338,236.9871579041488,239.2474376856289,25867400
2023-01-31,AAPL,142.28335571289062,142.3326633733732,140.30131415280843,140.71547141700836,65874500
2023-01-31,GOOGL,98.16295623779297,98.20268315266414,96.15679628817142,96.20645682604395,29870700
2023-01-31,MSFT,242.47645568847656,242.61344191233738,237.72105544533972,238.21029409203948,26541100
2023-02-01,AAPL,143.40750122070312,144.57109881294525,139.35467333783802,141.967813832125,77663600
2023-02-01,GOOGL,99.7420654296875,100.49686163170139,96.91158914355285,98.03384603535108,35531100
2023-02-01,MSFT,247.31011962890625,249.68781212878685,240.18680659624076,242.66235279117208,31259900
2023-02-02,AAPL,148.72254943847656,149.07752846410273,146.10939403157928,146.82923768896234,118339000
2023-02-02,GOOGL,107.00199890136719,107.11124602798093,104.8865917332853,105.07529269327897,69883800
2023-02-02,MSFT,258.9050598144531,258.99311917464655,251.7132467911275,253.24946308292516,39940400
2023-02-03,AAPL,152.35134887695312,155.1913011660709,145.77411121969988,145.97132678498124,154357300
2023-02-03,GOOGL,104.06227111816406,107.07151484914603,101.87734382713276,102.22494486291488,65309300
2023-02-03,MSFT,252.78964233398438,258.51374109776305,251.56654558363684,253.9540328291761,29077300
2023-02-06,AAPL,149.61988830566406,150.97084596204795,148.68310295478358,150.4482178700856,69858300
2023-02-06,GOOGL,102.19515991210938,103.64515833481778,101.18214243699336,101.69858479842287,31999600
2023-02-06,MSFT,251.24359130859375,252.74066029817823,249.29643114757204,251.8991842011105,22518000
2023-02-07,AAPL,152.49928283691406,153.07121860652774,148.54505515759215,148.54505515759215,83322600
2023-02-07,GOOGL,106.90267944335938,107.43898142309807,102.413644187333,102.51295768495851,49010200
2023-02-07,MSFT,261.8013610839844,262.98531015234266,254.48234077073667,254.92266746149838,50841400
2023-02-08,AAPL,149.80723571777344,152.43024651571073,149.0676660222592,151.73998447588093,64120100
2023-02-08,GOOGL,98.68933868408203,102.43351162623514,97.36844709177582,101.35098153887236,94743500
2023-02-08,MSFT,260.9892578125,270.8033838180028,260.4804305117884,267.3200070611244,54686000
2023-02-09,AAPL,148.77186584472656,152.18375469815612,148.32812694513675,151.64140046684096,56007100
2023-02-09,GOOGL,94.35919189453125,99.34480199770559,92.988639925003,99.31500870743477,119455000
2023-02-09,MSFT,257.9461364746094,268.0831750785003,257.14377806067694,267.9070265007635,42375100
2023-02-10,AAPL,149.13722229003906,149.46313155581217,147.36942786369346,147.60645689413434,57450700
2023-02-10,GOOGL,93.92221069335938,96.08727835366426,93.60440294400885,94.79618010978967,54980700
2023-02-10,MSFT,257.4373474121094,258.40603024749146,255.04986074687702,255.9011311004859,25818500
2023-02-13,AAPL,151.94203186035156,152.34693578344766,149.04836048379,149.07798723256394,62199000
2023-02-13,GOOGL,93.96194458007812,94.54789958320347,93.19721465397471,94.09105138319008,50076100
2023-02-13,MSFT,265.48046875,268.68987310618746,261.4002052618533,261.879679445157,44630900
2023-02-14,AAPL,151.30007934570312,151.86301769491905,148.9891025921519,150.233471212628,61707600
2023-02-14,GOOGL,94.03145599365234,94.20028969972182,91.62803446223668,93.78316845750277,54726100
2023-02-14,MSFT,266.31219482421875,269.0519194736593,263.4843809353684,266.8014335016731,37047900
2023-02-15,AAPL,153.4036865234375,153.57157647071767,150.98407305919312,151.21121650909475,65573800
2023-02-15,GOOGL,96.2759780883789,96.4547454186921,93.50508825709151,93.84275567149737,50169000
2023-02-15,MSFT,264.1835632324219,265.566675446504,261.10343462754037,263.20263513184307,28922400
2023-02-16,AAPL,151.8037567138672,154.3912596999377,151.44822068703985,151.6062249781976,68167900
2023-02-16,GOOGL,94.85576629638672,97.01090015224685,94.09103649131777,94.7167258913076,42462600
2023-02-16,MSFT,257.1502990722656,261.6527555228092,256.90506704379015,258.9846298555741,29603600
2023-02-17,AAPL,150.6581573486328,151.10257366904202,148.97924287733272,150.46064065840176,59144100
2023-02-17,GOOGL,93.7037124633789,94.90542320133379,92.571521930855,94.20028752420988,34284100
2023-02-17,MSFT,253.1383056640625,255.12958852987995,251.11759615236792,254.44295681423097,30000100
2023-02-21,AAPL,146.63861083984375,149.42364564911486,146.5694867858314,148.33728134701136,58867200
2023-02-21,GOOGL,91.1612548828125,92.46227917896354,91.09173467409758,92.36296567753287,33629300
2023-02-21,MSFT,247.8511199951172,250.61734463107382,246.7917157707791,249.6265975956906,28397400
2023-02-22,AAPL,147.0633087158203,148.0904046122651,145.3350111943411,147.02379633351947,51011300
2023-02-22,GOOGL,91.02220916748047,91.4790573091785,89.98933214302377,91.07186212673855,30884000
2023-02-22,MSFT,246.71319580078125,249.48922383589215,245.56551183733654,249.24399183598243,22491100
2023-02-23,AAPL,147.5471954345703,148.4755403448602,145.41399433616917,148.22864074401951,48394200
2023-02-23,GOOGL,90.26741027832031,91.31022089448263,89.14515341427997,91.29035364966276,41206400
2023-02-23,MSFT,249.9110565185547,251.94156990467263,245.70286658270774,250.68598313263473,29219100
2023-02-24,AAPL,144.89059448242188,145.3646375819345,143.91286646196608,145.2856278870893,55469600
2023-02-24,GOOGL,88.51947021484375,89.27426645106479,87.9732421781732,88.82735191404939,36585100
2023-02-24,MSFT,244.4668731689453,246.21292378160817,243.36823861745583,245.19276526490697,24990900
2023-02-27,AAPL,146.08560180664062,147.32010021469048,145.62142919964901,145.87821451304222,44998500
2023-02-27,GOOGL,89.25440979003906,89.54242425273972,88.72803382757155,89.25440979003906,27502300
2023-02-27,MSFT,245.38897705078125,247.99824938864867,244.63365822291965,247.6451146739916,21190000
2023-02-28,AAPL,145.5819091796875,147.2311969873109,145.0091001993268,145.2263730908277,50547000
2023-02-28,GOOGL,89.44310760498047,90.60509913680653,88.70817855378289,88.71811217771574,30142000
2023-02-28,MSFT,244.66307067871094,246.69359891216772,243.98622793422533,244.3197548443397,22491000
2023-03-01,AAPL,143.50794982910156,145.40413732845008,143.2116672358624,145.0091039171703,55479000
2023-03-01,GOOGL,89.74104309082031,90.40645183522004,89.05576710134766,89.36364878290716,31111200
2023-03-01,MSFT,241.57315063476562,246.14426388843702,241.10229440260224,245.9775079191277,27565300
2023-03-02,AAPL,144.10052490234375,144.89060684866965,142.11544194013547,142.58950014966683,52238100
2023-03-02,GOOGL,91.36980438232422,91.64788518332035,88.97630913050227,89.04583690788485,32204400
2023-03-02,MSFT,246.3208770751953,246.60533966295577,240.92577205898462,241.8478469475085,24808200
2023-03-03,AAPL,149.15699768066406,149.23600736765022,145.50288630750634,146.20407279147852,70732300
2023-03-03,GOOGL,93.00851440429688,93.087968235955,91.81672966082834,91.84653053055096,35160100
2023-03-03,MSFT,250.42112731933594,250.7448353875074,246.59551372780942,247.38025919903342,30760100
2023-03-06,AAPL,151.9222869873047,154.36165661510182,151.55688034550414,151.88277460629178,87558000
2023-03-06,GOOGL,94.47836303710938,95.3126130325379,93.35610619046027,93.37596585783857,32639300
2023-03-06,MSFT,251.97097778320312,255.15899387446288,251.09795243692292,251.53936705600412,24109800
2023-03-07,AAPL,149.71995544433594,152.11981283549997,149.25578289163562,151.79390348554702,56182000
2023-03-07,GOOGL,93.21707916259766,95.01467861504145,92.88933777532736,94.32941012372648,27835500
2023-03-07,MSFT,249.30284118652344,252.77533463239405,248.5573413069621,251.41183036535284,21473200
2023-03-08,AAPL,150.9741973876953,151.5667625921133,149.94710144553787,150.91494388116536,47204800
2023-03-08,GOOGL,93.60440063476562,95.30268646381667,93.3561130999254,93.47529384441702,34103300
2023-03-08,MSFT,248.86141967773438,249.68539556928397,246.02653848093868,249.19493159082262,17340200
2023-03-09,AAPL,148.7224578857422,152.62346903568368,148.3669218148619,151.65562670311525,53833600
2023-03-09,GOOGL,91.6876220703125,94.87563316082465,91.2705008234345,93.40577517359714,28813500
2023-03-09,MSFT,247.5077667236328,254.60967605303648,246.78187459593914,250.94101481489335,26653400
2023-03-10,AAPL,146.6584014892578,149.06814463866203,145.77943928176788,148.3472018339828,68572400
2023-03-10,GOOGL,90.00920104980469,92.15440914627503,89.78078074407773,91.53865328662859,35941000
2023-03-10,MSFT,243.8489227294922,247.96881792392284,242.8778134502719,246.29143918648296,28333900
2023-03-13,AAPL,148.60397338867188,151.24086003469367,145.86832084762136,145.97695730432906,84457100
2023-03-13,GOOGL,90.48590850830078,91.93590678175909,88.80748237211967,89.47289113745587,37335600
2023-03-13,MSFT,249.07725524902344,252.99116366046172,241.0434519121512,242.68160000285428,33339700
2023-03-14,AAPL,150.69766235351562,151.49761478500946,148.23855155589501,149.4039106364519,73695900
2023-03-14,GOOGL,93.3263168334961,93.7136447693308,91.806798381047,91.92597154460599,36050200
2023-03-14,MSFT,255.81625366210938,256.09091233921646,250.98027023090745,251.85329566194966,33620300
2023-03-15,AAPL,151.0927276611328,151.34949789320206,148.06079247647403,149.31504702106903,77167900
2023-03-15,GOOGL,95.45165252685547,96.26603527001882,92.00542061880317,92.58144947002774,50622100
2023-03-15,MSFT,260.3775329589844,261.39770646973017,254.2663406895164,255.02167441477647,46028000
2023-03-16,AAPL,153.917236328125,154.5196720318581,149.7594399024329,150.27299535550645,76161100
2023-03-16,GOOGL,99.63282012939453,100.49686346498038,94.84583683514583,95.54103889104195,65492000
2023-03-16,MSFT,270.932373046875,271.285492819686,258.2587678945706,260.1519520817623,54768800
2023-03-17,AAPL,153.07778930664062,154.79621636647911,152.36671707978053,154.1443976469308,98944600
2023-03-17,GOOGL,100.9239273071289,102.13556420140692,99.41433474115614,99.5732424121574,61028500
2023-03-17,MSFT,274.1007080078125,277.9263212786572,271.05003625066047,272.95303899433276,69527400
2023-03-20,AAPL,155.44796752929688,155.86277207953884,152.23827303081762,153.1468767346718,73641400
2023-03-20,GOOGL,100.52665710449219,101.05302545965556,99.18590594797273,99.43419347981462,32960400
2023-03-20,MSFT,267.0380859375,272.1879588192312,264.70347210809354,271.6974947352568,43466600
2023-03-21,AAPL,157.30470275878906,157.42320976774403,154.59867718770118,155.36901795458434,73938300
2023-03-21,GOOGL,104.2013168334961,104.38008417201192,100.52666413605763,100.55645742962116,42110300
2023-03-21,MSFT,268.5585021972656,269.7552357131241,264.3797387846606,269.6375291272283,34558700
2023-03-22,AAPL,155.87269592285156,160.12924367096628,155.8529397304782,157.32446713632558,75701800
2023-03-22,GOOGL,102.66193389892578,105.8598710222932,102.62220698360557,103.55576297366062,43427400
2023-03-22,MSFT,267.0968933105469,275.680013304396,266.98897566413984,268.1857090207041,34873300
2023-03-23,AAPL,156.9590301513672,159.54654859691777,155.72453196517867,156.86027933820688,67622100
2023-03-23,GOOGL,104.87665557861328,105.5718652382067,103.7444650002461,104.34035358194444,40797800
2023-03-23,MSFT,272.3645324707031,275.6996824231829,269.9514574375427,272.63919117418845,36610900
2023-03-24,AAPL,158.26268005371094,158.35156031348998,155.89244937558198,156.88991856429575,59196500
2023-03-24,GOOGL,104.71775817871094,104.76741114179761,103.12871181724563,104.27083604812334,30393300
2023-03-24,MSFT,275.2189636230469,275.2778169055255,270.02984635718013,271.95245676775505,28172000
2023-03-27,AAPL,156.31710815429688,158.77623413977568,155.91218910395636,157.9565254779494,52390300
2023-03-27,GOOGL,101.75816345214844,104.04241182783166,101.23179508502922,103.90337141301279,31120900
2023-03-27,MSFT,271.10888671875,276.09198781080295,270.26527306825443,275.1503053082786,26840200
2023-03-28,AAPL,155.69488525390625,156.5244793815335,154.045597696947,156.0109239824416,45992200
2023-03-28,GOOGL,100.33795928955078,101.74823069594882,99.05679467597474,101.7383046499017,32057900
2023-03-28,MSFT,269.9808349609375,270.8734830687269,266.86146104578347,270.53015226795435,21878600
2023-03-29,AAPL,158.77621459960938,159.0527409732352,157.37382654206215,157.39356766192319,51305700
2023-03-29,GOOGL,100.69548034667969,101.78794385786446,99.96055145037478,101.5793832620401,28779600
2023-03-29,MSFT,275.1601867675781,275.7781763407988,273.10023150202727,273.6397300531115,25087000
2023-03-30,AAPL,160.3465118408203,160.45514829132492,159.27003296644855,159.5268031814781,49501700
2023-03-30,GOOGL,100.19892120361328,100.46707599580894,99.09652389599678,100.21878845043828,33086200
2023-03-30,MSFT,278.6325988769531,279.034782967191,276.1116365553152,278.80918867585996,25053400
2023-03-31,AAPL,162.85499572753906,162.95376161088404,159.90208569195596,160.42551172065657,68749800
2023-03-31,GOOGL,103.01946258544922,103.17836266038097,100.34788640788328,100.60610755392301,36863400
2023-03-31,MSFT,282.801513671875,283.7530149729274,277.60260755409064,278.31869572846455,32766000
2023-04-03,AAPL,164.10923767089844,164.22774466628186,162.18342364813336,162.23280658606208,56976200
2023-04-03,GOOGL,103.64514923095703,103.81398293626825,101.23179408733668,101.68864224254398,25035400
2023-04-03,MSFT,281.751953125,282.7720966657289,278.53451056340606,281.0554727089369,24883300
2023-04-04,AAPL,163.57595825195312,164.77094409936112,163.06240276891677,164.53393008377392,46278300
2023-04-04,GOOGL,104.00269317626953,104.85680297924111,103.32735071757422,103.61536519319347,24420100
2023-04-04,MSFT,281.702880859375,284.91053440736965,280.22170001439565,281.75194521809124,25824300
2023-04-05,AAPL,161.72911071777344,163.00312110973053,159.79342626688646,162.6969680127728,51511700
2023-04-05,GOOGL,103.75439453125,105.37322650348958,102.9499453565425,105.05541876730959,28290500
2023-04-05,MSFT,278.9170837402344,281.67348922118816,277.52418264519775,280.3982947048252,22064800
2023-04-06,AAPL,162.6179656982422,162.9142482495303,159.99095018347427,160.41561028699388,45390100
2023-04-06,GOOGL,107.67733001708984,108.4221925782105,103.61534982080275,104.53897969967772,48711500
2023-04-06,MSFT,286.0386047363281,286.5094310076184,276.65111679037716,277.80860462136076,29770300
2023-04-10,AAPL,160.0205841064453,160.0205841064453,158.09477004106023,159.41814841731897,47716900
2023-04-10,GOOGL,105.71090698242188,106.85302362121595,104.39994905536618,106.24720898582663,27067400
2023-04-10,MSFT,283.87078857421875,284.0767750869852,279.280022455151,283.69419877058414,23103000
2023-04-11,AAPL,158.80584716796875,160.34649846878187,158.51943515436048,160.33662790848967,47644200
2023-04-11,GOOGL,104.62836456298828,105.99891659022042,103.9629557951451,105.82014926393511,26311800
2023-04-11,MSFT,277.4358825683594,280.5258300453537,276.2686056649449,280.30020580456596,27276600
2023-04-12,AAPL,158.11453247070312,160.05021717246308,157.79849370413785,159.22063801456596,50133100
2023-04-12,GOOGL,103.92322540283203,106.018772710828,103.62527734328293,105.84993901307934,24370300
2023-04-12,MSFT,278.08331298828125,281.53619925147586,276.5824941090568,279.3585375506844,27403400
2023-04-13,AAPL,163.50682067871094,163.74384976611952,159.4181631056541,159.62556544083142,68445600
2023-04-13,GOOGL,106.69412231445312,106.75370889955026,105.11500961516911,105.11500961516911,24843600
2023-04-13,MSFT,284.3121643066406,284.3710175910473,277.7693913938778,278.18136438472453,24222700
2023-04-14,AAPL,163.16116333007812,164.25739832506682,161.78840194622364,162.5488419808256,49386500
2023-04-14,GOOGL,108.12425994873047,108.19378015639614,106.10815877215703,106.15781931069009,26578000
2023-04-14,MSFT,280.6827392578125,282.9781070789799,278.27945379517104,281.526322929585,20987900
2023-04-17,AAPL,163.18089294433594,163.33891231813308,161.99577777997115,163.04262975965267,41516200
2023-04-17,GOOGL,105.24412536621094,105.43282632433963,103.80405306468714,103.94310106029505,37571200
2023-04-17,MSFT,283.2919921875,286.0386085271272,280.702357854445,284.40044560842966,23836200
2023-04-18,AAPL,164.40550231933594,165.33384720086153,163.59566442028418,164.0400957436715,49923000
2023-04-18,GOOGL,103.78418731689453,105.81021446659526,103.3571324631272,105.76055392984837,26596400
2023-04-18,MSFT,282.8702087402344,286.1955691018291,281.53616100019883,286.0091903829201,20161800
2023-04-19,AAPL,165.55116271972656,166.07458878664085,163.48707013576512,163.74385542338587,47720200
2023-04-19,GOOGL,103.46638488769531,104.26090805358163,102.36398759416694,102.87049630184782,20905700
2023-04-19,MSFT,282.9486999511719,283.53723281599844,279.11326779246525,280.5355954631928,17150300
2023-04-20,AAPL,164.58328247070312,165.78815383509277,163.50680373238094,164.03022972696172,52456400
2023-04-20,GOOGL,104.56877899169922,105.52220221540108,103.15850761354443,103.19823452834045,27820800
2023-04-20,MSFT,280.6532897949219,283.51761266618416,279.6429351736415,279.80970610176666,23244400
2023-04-21,AAPL,162.97349548339844,164.38575399057277,162.4500695263773,163.00312223043315,58337300
2023-04-21,GOOGL,104.6879653930664,105.27392036941873,104.0622759226367,104.74755197991318,25800100
2023-04-21,MSFT,280.30999755859375,280.810250487239,277.6614799588713,279.57430155150945,21676400
2023-04-24,AAPL,163.27967834472656,163.54633418620037,161.85753394961128,162.95376899838274,41949600
2023-04-24,GOOGL,105.24412536621094,105.89960054228061,103.98282039945786,104.76740994777748,23542800
2023-04-24,MSFT,276.3960876464844,279.5154616165311,273.40426904899283,276.70999180903164,26611000
2023-04-25,AAPL,161.739013671875,164.2475072794641,161.69950129216383,163.1414017604714,48714100
2023-04-25,GOOGL,103.13863372802734,105.95918387989818,103.12870010568425,105.10507420960258,46664100
2023-04-25,MSFT,270.167236328125,276.22936493295845,270.11817196073184,274.1792287517983,45772200
2023-04-26,AAPL,161.72911071777344,163.2302645252869,160.78102468006927,161.03779484245666,45498800
2023-04-26,GOOGL,102.99959564208984,105.62151129178214,101.92699171890646,104.20130635010432,53347600
2023-04-26,MSFT,289.7366943359375,293.85660384994554,287.14706002026827,291.0413453207768,64599200
2023-04-27,AAPL,166.3214874267578,166.46962119212645,163.14141866066578,163.14141866066578,64902300
2023-04-27,GOOGL,106.85301971435547,107.62768318681694,102.83076620158695,103.73452888709065,50089200
2023-04-27,MSFT,299.0163269042969,299.37929548036186,289.61904801830957,290.32531751233853,46462600
2023-04-28,AAPL,167.57571411132812,167.74361912541863,165.79804878354395,166.40048449959994,55275900
2023-04-28,GOOGL,106.604736328125,106.61466995148949,104.37014843058833,106.30679582140083,36139800
2023-04-28,MSFT,301.3999328613281,303.03806578134134,297.52525546706266,298.2119170093905,36469600
2023-05-01,AAPL,167.48684692382812,168.33618234272492,166.54863124552048,167.180693761707,52472900
2023-05-01,GOOGL,106.46569061279297,107.2502801225946,106.0882962921976,106.10815596080403,26681700
2023-05-01,MSFT,299.7323913574219,302.7144211983591,299.33020723943775,301.11550358691363,21294100
2023-05-02,AAPL,166.44985961914062,168.2374257243008,165.46226102978648,167.98064044655123,48425700
2023-05-02,GOOGL,104.59857177734375,106.46569130091618,102.99959945592909,106.4061047175776,30997200
2023-05-02,MSFT,299.5852355957031,303.2833235211519,298.11384353910654,301.8904224714807,26404400
2023-05-03,AAPL,165.37335205078125,168.80031976619634,165.0869551402168,167.39793182123242,65136000
2023-05-03,GOOGL,104.6879653930664,106.75371203414588,104.24104326031167,104.80713856675996,21795400
2023-05-03,MSFT,298.594482421875,302.7241809919645,298.29039713141395,300.7721438172862,22360800
2023-05-04,AAPL,163.7339630126953,164.96846124572582,162.27232132426357,162.84513031273676,81235400
2023-05-04,GOOGL,103.97288513183594,104.87664777175794,103.2578158561728,104.76740065591308,23419500
2023-05-04,MSFT,299.5852355957031,301.8904224714807,297.61356066048836,300.39939269537876,22519900
2023-05-05,AAPL,171.41751098632812,172.13845380689077,168.64234602308835,168.85961893934999,113453200
2023-05-05,GOOGL,104.84686279296875,105.1547369199555,103.39686445887698,104.10200016796126,26639300
2023-05-05,MSFT,304.72528076171875,306.0201129213296,298.46695525914686,299.8893128499304,28197100
2023-05-08,AAPL,171.34835815429688,171.69402369424722,169.9755966946327,170.34100335662225,55962800
2023-05-08,GOOGL,107.03178405761719,107.22048500326504,104.43966924058789,104.45952890885576,26511400
2023-05-08,MSFT,302.7634582519531,304.28391479928877,300.2522846595883,304.2152426463564,21318600
2023-05-09,AAPL,169.63983154296875,171.38787037771158,169.4719415736773,170.90395666315388,45326900
2023-05-09,GOOGL,106.61466979980469,109.3954933214144,106.45576971187144,107.64754689134159,36360100
2023-05-09,MSFT,301.1448974609375,304.1269269773573,300.4680547428102,302.12582546569627,21340800
2023-05-10,AAPL,171.40762329101562,171.87179587293446,169.76820587698572,170.87432663815136,53724500
2023-05-10,GOOGL,110.9845199584961,112.16637096260268,107.19068700662434,107.2304139185501,63153400
2023-05-10,MSFT,306.3536376953125,307.03048044641207,301.8021470979915,302.73401078657963,30078000
2023-05-11,AAPL,171.59523010253906,172.4248091810175,170.03482274851166,171.69399597502493,49514700
2023-05-11,GOOGL,115.7715072631836,117.11225838749655,113.62630697970965,114.60952346058797,78900000
2023-05-11,MSFT,304.19561767578125,305.1863646978888,300.41906820391165,304.1858287503453,31680200
2023-05-12,AAPL,170.66561889648438,172.13916641173466,169.11293731632776,171.70401959715826,45533100
2023-05-12,GOOGL,116.70508575439453,117.221520540522,115.31467391571066,115.88076924423699,41102300
2023-05-12,MSFT,303.0773620605469,304.7253141155851,300.7525672086982,304.6272153165958,19774700
2023-05-15,AAPL,170.17115783691406,171.29857695594924,169.5777729993573,171.249125704419,37266700
2023-05-15,GOOGL,115.71192169189453,117.66842862523404,115.21534663580364,115.31466013159502,36266800
2023-05-15,MSFT,303.5579528808594,303.9895635706543,301.72362241700347,303.2048331904154,16336500
2023-05-16,AAPL,170.17115783691406,171.2293421857262,169.9041331509732,170.09203885254627,42110300
2023-05-16,GOOGL,118.69137573242188,119.92287978836107,115.63247147293116,115.69205805683869,45035600
2023-05-16,MSFT,305.79449462890625,307.7269240462881,303.92091849850675,303.92091849850675,26730300
2023-05-17,AAPL,170.78428649902344,171.0216283275313,168.5393327985131,169.81510548834717,57951600
2023-05-17,GOOGL,120.01226806640625,120.83658456146485,118.07562818248286,118.79069754797297,33323600
2023-05-17,MSFT,308.6847229003906,309.10743681750125,305.47989738715967,307.0036775549358,24315000
2023-05-18,AAPL,173.11825561523438,173.30616130301183,170.6755118549318,171.09087517456516,65496700
2023-05-18,GOOGL,121.98863983154297,122.46534768023274,120.00233944868812,120.12151262229324,35234200
2023-05-18,MSFT,313.12823486328125,313.63945175242833,308.4094989697135,309.2057852767407,27276000
2023-05-19,AAPL,173.22706604003906,174.44348843481356,173.00949259181542,174.44348843481356,55809500
2023-05-19,GOOGL,121.91911315917969,125.10712419543219,121.31329096834843,122.7037026780781,41353400
2023-05-19,MSFT,312.9512634277344,313.35432671083794,311.0146096045722,311.37834159149793,27546700
2023-05-22,AAPL,172.2776336669922,172.78201528070161,171.5359102025042,172.06006024351018,43570900
2023-05-22,GOOGL,124.19342803955078,125.56397250500119,121.89924606366814,122.0978806379514,35253000
2023-05-22,MSFT,315.7431640625,317.12929964929396,312.6268415738599,313.2068506490171,24115700
2023-05-23,AAPL,169.66676330566406,171.46668610985583,169.3898544266195,171.2194449613945,50747300
2023-05-23,GOOGL,121.72047424316406,123.77629465403467,121.37287322241473,123.30952047024783,34046300
2023-05-23,MSFT,309.92340087890625,317.2571122621046,309.9135605550199,314.6126452216037,30797200
2023-05-24,AAPL,169.94366455078125,170.51726580029353,168.6382391925545,169.20194113871563,45143500
2023-05-24,GOOGL,120.07186126708984,121.07494509546325,119.03898414491616,120.29035552447165,34182600
2023-05-24,MSFT,308.53729248046875,311.14242845628706,307.3182622495086,309.4024010311534,23384900
2023-05-25,AAPL,171.0810089111328,171.98095531956056,169.79535178285977,170.50740757419857,56058300
2023-05-25,GOOGL,122.63419342041016,124.46158620190747,121.12460083147897,123.66706298908738,42317000
2023-05-25,MSFT,320.4029541015625,321.36634580570205,314.5831525784272,317.76829739796784,43301700
2023-05-26,AAPL,173.49404907226562,173.83030849826073,171.19965909306288,171.40734829469508,54835000
2023-05-26,GOOGL,123.7564468383789,124.40199598281583,121.61123877264411,122.32630812788905,35635900
2023-05-26,MSFT,327.2549743652344,327.75632087129475,318.39748274598566,318.5350972767318,36630600
2023-05-30,AAPL,175.3434295654297,177.01478218217846,174.62148962052487,175.00718521743593,55964400
2023-05-30,GOOGL,122.82288360595703,124.79925796255891,121.16432458789733,124.77939071533267,35076700
2023-05-30,MSFT,325.6033935546875,330.0567102220312,324.9250712145435,329.5553637104811,29503100
2023-05-31,AAPL,175.29397583007812,177.37080753192686,174.80937774220615,175.37309480914308,99625300
2023-05-31,GOOGL,122.02836608886719,123.21020965782616,121.66089779225682,121.90918533877162,37325800
2023-05-31,MSFT,322.8311767578125,330.2533617664541,321.78909235828155,326.6651533185743,45950600
2023-06-01,AAPL,178.10263061523438,178.13229834590607,174.97749886766357,175.73900583250884,68901800
2023-06-01,GOOGL,122.8725357055664,123.56773776803037,121.78007207435125,121.97869907015976,30772700
2023-06-01,MSFT,326.9501953125,327.8841260635335,319.2232608919035,320.41277005822946,26773900
2023-06-02,AAPL,178.95315551757812,179.77399801140302,177.28180279681203,179.03227450268932,61996900
2023-06-02,GOOGL,123.81602478027344,125.28589030532665,122.91226210287383,123.14068238937887,26980100
2023-06-02,MSFT,329.72247314453125,331.7869311608408,326.92071083675313,328.5919458978105,25873800
2023-06-05,AAPL,177.59828186035156,182.9090174472027,176.0752677783844,180.6146272002442,121946500
2023-06-05,GOOGL,125.14685821533203,126.55712967396519,122.99171653318454,123.16055782498627,32305500
2023-06-05,MSFT,330.2533874511719,332.82903267433227,328.99505581539154,329.5455740309834,21307100
2023-06-06,AAPL,177.23236083984375,178.1323071989488,175.47198988688834,177.98396853821802,64848400
2023-06-06,GOOGL,126.43794250488281,127.41122540355373,124.50130275345192,125.14685186297365,26638300
2023-06-06,MSFT,328.0315856933594,329.6929804213879,326.54716679509426,329.6536491257751,20396200
2023-06-07,AAPL,175.85768127441406,179.21027045240393,175.36319900574063,176.47083445864072,61944600
2023-06-07,GOOGL,121.66089630126953,128.15609177061813,121.28350196296054,126.10027879089003,52539000
2023-06-07,MSFT,317.90594482421875,328.8278643518396,317.04083634658787,326.03594244738656,40717100
2023-06-08,AAPL,178.5773468017578,178.84435638126445,175.50166626223591,175.93679801452896,50214900
2023-06-08,GOOGL,121.3033676147461,122.38590529778074,120.40953089873925,121.39275507491422,29389200
2023-06-08,MSFT,319.7541198730469,321.1107645064962,317.87644809786565,318.45645718009644,23277700
2023-06-09,AAPL,178.9630584716797,180.21903277362324,178.636698310342,179.4970927690662,48900000
2023-06-09,GOOGL,121.39274597167969,122.91226448637528,121.07493822728019,121.41260564070839,23778300
2023-06-09,MSFT,321.2582092285156,324.4040226262237,318.9184923258724,319.48866106638036,22529000
2023-06-12,AAPL,181.7617950439453,181.86069753893617,178.97292275194738,179.26961514651788,54274900
2023-06-12,GOOGL,122.79308319091797,123.20027838695897,120.8266501491064,121.94890708399343,28306400
2023-06-12,MSFT,326.2325439453125,326.47831201668896,319.65578795519957,323.0178783710778,24260300
2023-06-13,AAPL,181.28709411621094,182.11782073883157,180.4266997635254,180.78272761470595,54929100
2023-06-13,GOOGL,122.9817886352539,124.30268019345986,122.33623950268348,124.12391285793474,22278300
2023-06-13,MSFT,328.6312561035156,331.27572305928487,324.79728003412475,328.80820192187525,22951300
2023-06-14,AAPL,181.92002868652344,182.35517550952275,180.01133431975106,181.34642742806082,57462900
2023-06-14,GOOGL,122.82288360595703,123.2002855319085,120.61808894619637,122.25678829416454,30592300
2023-06-14,MSFT,331.6296081542969,333.30084307513505,327.17629180750674,328.6803912358667,26003800
2023-06-15,AAPL,183.95729064941406,184.46167222814515,181.75190392659053,181.92992539273135,65433200
2023-06-15,GOOGL,124.23314666748047,124.60061494495433,121.56157795855897,122.29650693637248,35246300
2023-06-15,MSFT,342.20751953125,343.9180559623726,331.4920360241556,331.7672951050373,38899100
2023-06-16,AAPL,182.87933349609375,184.92649747799743,182.2365125370702,184.66935702206612,101256200
2023-06-16,GOOGL,122.683837890625,125.24616711855725,122.43555035095251,125.0673997869077,45535600
2023-06-16,MSFT,336.53515625,345.52045224652784,336.16161394464854,345.3729973890222,46552000
2023-06-20,AAPL,182.96835327148438,184.0463362605814,182.37498350716317,182.37498350716317,49799100
2023-06-20,GOOGL,122.25678253173828,123.7167144715317,121.30335929245436,122.08794882394656,26097500
2023-06-20,MSFT,332.3276062011719,336.28938669423195,330.17467528796925,333.5662870008195,26375400
2023-06-21,AAPL,181.92994689941406,183.363942649416,180.57505504326872,182.85956101105992,49515700
2023-06-21,GOOGL,119.72425079345703,121.8197981667708,119.2773286902029,121.56157701225514,30306300
2023-06-21,MSFT,327.91363525390625,332.0130604612283,326.4488669428893,330.67606636446294,25117800
2023-06-22,AAPL,184.93637084960938,184.98582209518955,181.64311708726814,181.7123518491607,51245300
2023-06-22,GOOGL,122.30644226074219,122.39582213705168,118.01603392379701,119.17801777862638,26952200
2023-06-22,MSFT,333.9595031738281,334.36256644173795,327.69733703781395,328.4641322789384,23556800
2023-06-23,AAPL,184.61988830566406,185.49018190726844,182.96831937745645,183.50236866585945,53117000
2023-06-23,GOOGL,121.50198364257812,121.94890574873948,120.23075268459189,120.54856042408845,34913600
2023-06-23,MSFT,329.34893798828125,332.2391735369446,327.8055369647912,328.70010653848016,23146900
2023-06-26,AAPL,183.22547912597656,185.97479955864205,183.18591209060443,184.76826151663462,48088700
2023-06-26,GOOGL,117.52938842773438,121.16432171624635,117.45986821835962,119.93281761712151,33969900
2023-06-26,MSFT,323.03759765625,330.420451002799,322.9294440913957,328.07092355992313,21520600
2023-06-27,AAPL,185.9846649169922,186.31102501891434,183.62104032161758,183.838613722899,50730800
2023-06-27,GOOGL,117.51945495605469,118.26431754249225,115.30472686510802,116.27801731199209,39535900
2023-06-27,MSFT,328.9065246582031,330.45976577699514,323.72571415230334,326.24237697831273,24354100
2023-06-28,AAPL,187.1615447998047,187.80436573389431,185.5297592960992,185.8561043245189,51216800
2023-06-28,GOOGL,119.35678100585938,119.56534162054723,116.04958930766475,116.28794321343172,27091400
2023-06-28,MSFT,330.1649169921875,332.2588662926082,328.1594406198277,328.9950582750604,20259500
2023-06-29,AAPL,187.49777221679688,187.97248603247579,186.8549513406989,186.9934057643385,46347300
2023-06-29,GOOGL,118.28419494628906,119.23761829062853,117.48967928124043,118.42323537710095,24090900
2023-06-29,MSFT,329.37841796875,330.4204723833769,326.9895590748973,329.04417693018956,16997000
2023-06-30,AAPL,191.8294677734375,192.3338342950544,189.14936702429083,189.51529419368583,85213200
2023-06-30,GOOGL,118.88007354736328,120.25062564550082,118.87014750109746,119.3468553444313,29532200
2023-06-30,MSFT,334.7754821777344,336.928413125334,331.49202397478524,332.0327017922602,26832800
2023-07-03,AAPL,190.3361358642578,191.74046380244184,189.64384856353968,191.64156130508144,31458200
2023-07-03,GOOGL,119.07869720458984,119.3667116396996,118.00609328979502,118.42321450872616,14467900
2023-07-03,MSFT,332.26861572265625,335.1293598763114,330.87266977887174,333.4483145492519,12508700
2023-07-05,AAPL,189.2185516357422,190.85033678345923,188.51638030472307,189.45590851321313,46920300
2023-07-05,GOOGL,120.91602325439453,121.77013293653057,118.41328836573734,118.42321441108429,27584800
2023-07-05,MSFT,332.4259338378906,335.8666873183972,329.06384295177827,329.417734623584,18172400
2023-07-06,AAPL,189.69329833984375,189.90098754652763,187.1121001189567,187.74503686210437,45094300
2023-07-06,GOOGL,119.28726196289062,119.47596291107514,117.58897616063236,118.97938784922883,24745200
2023-07-06,MSFT,335.4930725097656,337.1839580632302,329.8207561477581,331.59027428466925,28161200
2023-07-07,AAPL,188.57577514648438,190.54382026308585,188.14064336966692,189.2977302172838,46815000
2023-07-07,GOOGL,118.66159057617188,120.22083610477635,118.58213674075813,119.27733885779142,21709500
2023-07-07,MSFT,331.51165771484375,336.00430553625574,331.29538059868645,333.5761156416205,21214800
2023-07-10,AAPL,186.52862548828125,187.89340155065938,184.9759437256739,187.17144648236777,59922200
2023-07-10,GOOGL,115.65232849121094,117.49958832134938,115.3444543785659,117.48966227568181,35315200
2023-07-10,MSFT,326.2129211425781,329.5553915067683,322.04470351324625,328.9360510569214,32791400
2023-07-11,AAPL,186.0044708251953,187.21100889013437,184.54080738706045,187.07255444450544,46638100
2023-07-11,GOOGL,116.33760070800781,116.90369595511098,114.55986114114224,115.49342464859208,23078800
2023-07-11,MSFT,326.84210205078125,327.2254847097536,321.4646944933152,325.45596628174627,26698200
2023-07-12,AAPL,187.67578125,189.584475327458,186.39012449248767,187.58676298395113,60750200
2023-07-12,GOOGL,118.11534881591797,119.5057605551569,117.59891406672692,117.98624202290381,30404400
2023-07-12,MSFT,331.49200439453125,335.86665829831014,329.9879049173375,330.9021549914973,29995300
2023-07-13,AAPL,188.43731689453125,189.08015296828228,187.68570919657313,188.39776494849258,41342300
2023-07-13,GOOGL,123.68692016601562,123.97493461778386,119.62493212633821,120.1016475306422,44297900
2023-07-13,MSFT,336.8595886230469,337.92129360338816,333.2811907244009,333.81205821506575,20567200
2023-07-14,AAPL,188.58566284179688,189.07024584013215,187.53736277551775,188.13073248396137,41616200
2023-07-14,GOOGL,124.5608901977539,125.91157501012879,122.64411010204061,123.94514195311505,33283100
2023-07-14,MSFT,339.3958740234375,345.4810940102127,338.4816239772076,341.7060999475016,28352700
2023-07-17,AAPL,191.84922790527344,192.17558799962066,189.69327745817978,189.78228064107432,50520200
2023-07-17,GOOGL,123.7961654663086,126.22938025879756,123.34924336063862,125.07733004581449,25716200
2023-07-17,MSFT,339.8775939941406,341.1162446802266,336.40735000668093,339.8284223789955,20363900
2023-07-18,AAPL,191.59210205078125,192.18548682934457,190.2965608776665,191.21630577539946,48288200
2023-07-18,GOOGL,122.91226196289062,123.82595826213851,122.11773882963688,123.7465044333863,26193600
2023-07-18,MSFT,353.4046936035156,360.57129992405726,336.3779021410324,339.97592078654986,64738600
2023-07-19,AAPL,192.94700622558594,196.0424552700726,190.52403079875788,190.96907695660155,80507300
2023-07-19,GOOGL,121.19409942626953,124.3225236001542,120.96567915789439,123.74649475246576,37224000
2023-07-19,MSFT,349.0693054199219,356.3243839257748,346.47401010132427,355.6264109803811,39732900
2023-07-20,AAPL,190.9987335205078,194.3018715848771,190.3756810082794,192.9370956401489,59581200
2023-07-20,GOOGL,118.38349914550781,123.24000294908879,117.41021620638075,120.58829377086548,37906800
2023-07-20,MSFT,340.9983215332031,351.91043126765385,339.52371292046627,347.58491867049014,33778400
2023-07-21,AAPL,189.82188415527344,192.8184459451999,189.11971258876892,191.95805149771712,71951700
2023-07-21,GOOGL,119.1978759765625,120.16123282072522,117.91671896913194,119.79377211980879,72937900
2023-07-21,MSFT,337.9508056640625,344.3702675687518,334.077497807225,343.2397402503529,69405400
2023-07-24,AAPL,190.62290954589844,192.75907651192222,190.12842729026707,191.27562974502808,45377800
2023-07-24,GOOGL,120.69754028320312,122.15747226159789,120.15131222994013,120.82665465609776,29686100
2023-07-24,MSFT,339.26812744140625,341.04751622203986,336.5155365118462,339.99562147356863,26678100
2023-07-25,AAPL,191.4833221435547,192.29428036369316,190.79104993758423,191.19652904765346,37283200
2023-07-25,GOOGL,121.37287139892578,122.30643490674167,120.19102036900003,120.52869533917904,52509600
2023-07-25,MSFT,345.038818359375,345.93341799026155,339.22885592207473,341.23430234637607,41637700
2023-07-26,AAPL,192.3535919189453,193.48101082580538,191.1866210725465,191.53274958731205,47471900
2023-07-26,GOOGL,128.38450622558594,130.08278425880596,127.44101674554521,129.17902926561317,61682100
2023-07-26,MSFT,332.0523681640625,338.83559201935464,327.47124698104943,335.66025722913804,58383700
2023-07-27,AAPL,191.0877227783203,195.02379728115702,190.4251183711132,193.85682640916855,47460200
2023-07-27,GOOGL,128.51361083984375,132.32731856189324,127.9077887011387,130.76806570410903,44952100
2023-07-27,MSFT,325.1217041015625,335.55208782574067,323.47995999932067,334.71650028968384,39635300
2023-07-28,AAPL,193.66893005371094,194.46010471349214,191.9975775461535,192.52172755154825,48291400
2023-07-28,GOOGL,131.67184448242188,132.82390225649658,129.67561820048323,129.8841712389039,36591200
2023-07-28,MSFT,332.64215087890625,334.25440376184946,327.5301932033696,328.02172932607414,28484900
2023-07-31,AAPL,194.28207397460938,194.32164100543085,193.10520379928346,193.89637842130432,38824100
2023-07-31,GOOGL,131.81089782714844,132.61534707710356,130.87733419979864,131.82082387376738,28055500
2023-07-31,MSFT,330.23370361328125,331.9835713371964,327.7170105936494,331.2167760424693,25446000
2023-08-01,AAPL,193.45135498046875,194.55899044039094,193.12499487022708,194.07440747187567,35175100
2023-08-01,GOOGL,130.6488800048828,131.72148377802756,129.78482923652788,129.8841502940335,23166800
2023-08-01,MSFT,330.6465759277344,332.8093472638062,328.0512803254377,329.5160486388289,18311900
2023-08-02,AAPL,190.45480346679688,193.026102358892,189.73286353794578,192.88764791924382,50389300
2023-08-02,GOOGL,127.5006103515625,129.1988884784206,126.68622002320818,128.56327304220613,26273300
2023-08-02,MSFT,321.9562072753906,327.9824458178332,320.8354903518812,327.9824458178332,27761300
2023-08-03,AAPL,189.06039428710938,190.24714899941262,188.58569542026908,189.4559892514804,61235200
2023-08-03,GOOGL,127.57012176513672,128.5036852432117,126.54717841897386,127.09341398106743,20089500
2023-08-03,MSFT,321.1304626464844,324.2959572590303,320.4324895800292,320.4816312040504,18253700
2023-08-04,AAPL,179.98167419433594,185.312192820491,179.91243942847825,183.47271804853088,115956800
2023-08-04,GOOGL,127.23246002197266,130.6091643030469,127.03383303266261,128.39444382141764,26147200
2023-08-04,MSFT,322.2314758300781,329.46690442388586,321.70060832431494,326.2620787423008,23741500
2023-08-07,AAPL,176.87632751464844,181.10909486166798,175.39288059142936,180.1201302461886,97576100
2023-08-07,GOOGL,130.62904357910156,130.7084974129968,128.1362420519994,128.27528247274873,22746300
2023-08-07,MSFT,324.52197265625,325.5050449262713,321.97581907701306,322.8114365067281,17741500
2023-08-08,AAPL,177.8158416748047,178.2806562533865,175.6203390114105,177.7070549630004,67823000
2023-08-08,GOOGL,130.49990844726562,130.60915555721093,128.65264877726932,129.72525263284138,23535200
2023-08-08,MSFT,320.53076171875,323.1850693457117,317.5324027335814,321.4253612522669,22327600
2023-08-09,AAPL,176.22360229492188,178.93335560733482,175.05661623443876,178.87402014653773,60378500
2023-08-09,GOOGL,128.7718505859375,131.1355376104998,128.11636785754888,130.75815086279874,24912900
2023-08-09,MSFT,316.77545166015625,321.5728200955336,315.6154033490083,320.9436693175295,22373300
2023-08-10,AAPL,176.00601196289062,178.75533204520585,175.64009992954092,177.4993429142372,54686900
2023-08-10,GOOGL,128.80165100097656,131.14548606346665,128.56328949903425,130.42049066551243,20857800
2023-08-10,MSFT,317.46356201171875,322.70335468908695,315.74318531670457,320.5012521187965,20113700
2023-08-11,AAPL,176.06544494628906,176.88739582771854,174.83748251539495,175.60001780962375,52036700
2023-08-11,GOOGL,128.6725311279297,129.03999183440246,127.29205302432788,127.7787020538132,19591100
2023-08-11,MSFT,315.57611083984375,316.9524063309863,313.8065623503819,314.83880646948256,24355500
2023-08-14,AAPL,177.71926879882812,177.94703359876078,175.59011444303226,176.24371615843643,43675600
2023-08-14,GOOGL,130.430419921875,130.47013926270824,128.07665875506092,128.50370607466445,24695600
2023-08-14,MSFT,318.5548095703125,318.57446021923187,314.6618210129477,315.9496735414383,18836100
2023-08-15,AAPL,175.72872924804688,177.73903700795614,175.33261529851168,177.14486608365337,43622600
2023-08-15,GOOGL,128.89102172851562,130.51978732378583,128.3944466671007,130.20198716469977,19770700
2023-08-15,MSFT,316.41168212890625,319.5870169204076,315.4679409838277,317.53239911449145,16966300
2023-08-16,AAPL,174.85726928710938,176.80814628515878,174.78794103749047,175.41183484094861,46964900
2023-08-16,GOOGL,127.81842041015625,129.3875994550616,126.99411154985026,127.81842041015625,25216100
2023-08-16,MSFT,315.6432800292969,319.603617653509,315.05218172043595,316.03733554703456,20698900
2023-08-17,AAPL,172.31222534179688,175.78817341312092,171.7972650350441,175.42176719468313,66062900
2023-08-17,GOOGL,129.03005981445312,131.08588780571418,128.40437039897924,128.91088665122683,33446300
2023-08-17,MSFT,312.1755676269531,317.0914758883313,311.5155012961728,315.7812344507663,21257200
2023-08-18,AAPL,172.79745483398438,173.40153844678508,170.29199700813362,170.62869538621166,61172200
2023-08-18,GOOGL,126.5869140625,128.3646536960574,125.51431010865518,127.6297171477929,30504800
2023-08-18,MSFT,311.7815246582031,313.6533111007054,306.92469296436104,309.8210479057797,24755000
2023-08-21,AAPL,174.13436889648438,174.42156439236868,172.05474771785234,173.37184868637627,46311900
2023-08-21,GOOGL,127.49066925048828,127.84820388077635,125.69307005391427,126.30882582321787,25248700
2023-08-21,MSFT,317.1013488769531,317.97812023302833,312.3332075074282,313.20997886350335,24040000
2023-08-22,AAPL,175.51087951660156,175.95651153189084,174.54038966607246,175.34253031574917,42038900
2023-08-22,GOOGL,128.19583129882812,129.3876085234466,127.44104259256599,127.62972840342931,22054900
2023-08-22,MSFT,317.67266845703125,321.23892020655586,316.6875147112175,320.66754426236673,16084600
2023-08-23,AAPL,179.3631591796875,179.78899610380492,176.6002283968818,176.78838784399545,52722800
2023-08-23,GOOGL,131.46328735351562,132.49617204970477,128.98041184919285,129.28828598704578,27819700
2023-08-23,MSFT,322.14532470703125,324.3126753088463,318.65787148938745,319.0125425262804,21166400
2023-08-24,AAPL,174.66912841796875,179.3433458832632,174.30270712253693,178.91750900229638,54945800
2023-08-24,GOOGL,128.89102172851562,133.3304039899065,128.68246868911157,133.0324559222039,28500700
2023-08-24,MSFT,315.21966552734375,328.0365262054767,315.20980436860924,327.9084513999614,23281400
2023-08-25,AAPL,176.8774871826172,177.41224254469248,174.1145567754665,175.6594223889941,51449600
2023-08-25,GOOGL,128.99032592773438,129.86428761658883,126.3783365970317,128.65264341290467,26762900
2023-08-25,MSFT,318.18499755859375,320.5296384398639,314.06703166493907,316.697405641925,21684100
2023-08-28,AAPL,178.4421844482422,178.83829845949455,176.81809282485807,178.34314839003864,43820700
2023-08-28,GOOGL,130.1125946044922,131.63211310890395,129.24855883060624,130.41054267784654,20543300
2023-08-28,MSFT,318.894287109375,321.30789580516176,316.943671823176,320.8251800789058,14808500
2023-08-29,AAPL,182.3340606689453,183.10649358507428,177.75887876406125,177.95693577395411,53003900
2023-08-29,GOOGL,133.64822387695312,135.6345241905877,131.33418219305656,131.33418219305656,43075600
2023-08-29,MSFT,323.53436279296875,324.09590767397725,317.1013096869728,317.1013096869728,19284600
2023-08-30,AAPL,185.82980346679688,186.027875570887,182.9480417259573,183.14609871926743,60813900
2023-08-30,GOOGL,134.9492645263672,135.34651857557154,133.1516649491711,133.85679315964938,28315800
2023-08-30,MSFT,323.90875244140625,324.9135985752183,321.6034959712418,323.7905387861943,15222100
2023-08-31,AAPL,186.0476837158203,187.2855588991337,185.66146726305777,186.01797592028328,60794500
2023-08-31,GOOGL,135.2372589111328,137.05472556870842,134.8598569913601,135.07835124446333,30053800
2023-08-31,MSFT,322.8940124511719,325.9972408442875,321.92855092385497,324.3126362990831,26411000
2023-09-01,AAPL,187.6222381591797,188.07776768138748,186.45367634199346,187.65194594928982,45766500
2023-09-01,GOOGL,134.7307586669922,136.51843204322375,133.9263094362553,136.51843204322375,21543700
2023-09-01,MSFT,323.7806701660156,327.06121928059684,321.9285761050108,326.3913218734916,14942000
2023-09-05,AAPL,187.85992431640625,188.1372071331358,185.7902007519677,186.453699999912,45280000
2023-09-05,GOOGL,134.83998107910156,135.48552252379062,133.65813014270992,134.51223975734254,19403100
2023-09-05,MSFT,328.5980224609375,329.8787403792181,323.78063623976607,324.1155849082222,18553900
2023-09-06,AAPL,181.1357879638672,187.01817274976997,179.70975345688714,186.57252563325392,81755800
2023-09-06,GOOGL,133.5389862060547,135.59479929596694,132.75438904024102,135.0882981356743,18684500
2023-09-06,MSFT,327.9379577636719,329.4944873304904,325.2780308346798,328.430534597596,17535800
2023-09-07,AAPL,175.83767700195312,176.4813811102254,171.8566665123906,173.48075801343515,112488800
2023-09-07,GOOGL,134.33346557617188,134.65128085502647,132.03929146615658,132.6749068695992,18844300
2023-09-07,MSFT,325.0120849609375,328.1350055862109,324.14514483010225,326.37160197842854,18381000
2023-09-08,AAPL,176.45164489746094,178.49167556913386,176.06542850593996,176.6200091931817,65551300
2023-09-08,GOOGL,135.44581604003906,135.7238968568323,133.92629759318024,133.98588417474053,23558300
2023-09-08,MSFT,329.30731201171875,331.1692669104406,324.568725184115,325.18937681702226,19530100
2023-09-11,AAPL,177.62020874023438,178.5510931586707,175.61979850768685,178.32332838951461,58953100
2023-09-11,GOOGL,135.9821014404297,136.53826303725594,134.85983704766224,135.6046995764689,20763400
2023-09-11,MSFT,332.92291259765625,333.39579729462235,330.45016667890303,332.2332928393112,16583300
2023-09-12,AAPL,174.5899200439453,178.3827714442694,173.12428004812202,177.7489799506068,90370200
2023-09-12,GOOGL,134.41293334960938,135.9324518179946,134.26396689359834,135.32662963976946,18405500
2023-09-12,MSFT,326.84442138671875,331.7899120379959,326.55874846963604,330.83431177810604,17565500
2023-09-13,AAPL,172.5201873779297,175.58021106580875,172.29240747476095,174.7978655233742,84267900
2023-09-13,GOOGL,135.77357482910156,135.9622606435177,133.2310975066341,134.16466114901567,20749500
2023-09-13,MSFT,331.07073974609375,331.84901956301076,326.2533539360852,326.3912598162644,16544400
2023-09-14,AAPL,174.03533935546875,174.39184798430878,171.89628758242847,172.31221179761187,60895800
2023-09-14,GOOGL,137.15403747558594,137.74991845433803,135.30677764834488,136.6574624161584,24751000
2023-09-14,MSFT,333.6716003417969,335.7995060691533,331.57321796102076,334.1149015081179,20267000
2023-09-15,AAPL,173.31239318847656,174.78794559113751,172.1339489112559,174.76813536061914,109259500
2023-09-15,GOOGL,136.4588165283203,137.5711549358485,135.5451202625324,137.0348453999781,38919600
2023-09-15,MSFT,325.3175048828125,332.39090229583263,324.75595997398113,331.9180476900879,37679800
2023-09-18,AAPL,176.2436981201172,177.64002479353724,174.46115503817452,174.76814563074643,67257600
2023-09-18,GOOGL,137.26329040527344,138.2067800272706,135.6742440861328,135.6742440861328,21861300
2023-09-18,MSFT,324.1746826171875,325.494785002062,321.5147555316382,322.93337930199704,16834200
2023-09-19,AAPL,177.33303833007812,177.88760394386657,175.4118538031827,175.7980702206982,51826900
2023-09-19,GOOGL,137.0944366455078,137.46191249681675,135.6841652859194,136.4786884171114,20353700
2023-09-19,MSFT,323.77081298828125,324.4998472951053,319.6922916047418,321.32765063479235,16505900
2023-09-20,AAPL,173.78778076171875,177.95693597912128,173.69864226300012,177.52120149038592,58436200
2023-09-20,GOOGL,132.8238983154297,137.13416606327112,132.7047099998862,137.13416606327112,29927500
2023-09-20,MSFT,316.0077819824219,324.69684594431357,315.7516624314958,324.6180468666076,21436500
2023-09-21,AAPL,172.24288940429688,174.58991092023126,172.17357625479622,172.85688574257026,63149100
2023-09-21,GOOGL,129.5465087890625,131.32424090064023,129.17904808066385,130.53965894518316,31503900
2023-09-21,MSFT,314.7861633300781,320.5197651300431,310.32341823236436,314.520182651958,35560400
2023-09-22,AAPL,173.0945281982422,175.36232363207063,172.36171587825564,172.97569703516947,56725400
2023-09-22,GOOGL,129.35780334472656,131.12560934891957,128.71226182736228,129.86430445123077,26397300
2023-09-22,MSFT,312.3035888671875,316.6776737677098,311.4563410385971,316.5495989744166,21447900
2023-09-25,AAPL,174.37203979492188,175.2534062611611,172.46075278406465,172.51027081019092,46172700
2023-09-25,GOOGL,130.21192932128906,130.27151591134847,128.0766623547193,128.9406982191211,20094600
2023-09-25,MSFT,312.82574462890625,312.9538194326375,310.3234455703718,311.88983649741465,17836000
2023-09-26,AAPL,170.29200744628906,173.50057001651604,169.99491440180657,173.12426626356617,64588900
2023-09-26,GOOGL,127.6893310546875,129.46706328054253,126.34857219602962,128.88110828778912,25718700
2023-09-26,MSFT,307.50592041015625,311.190385987701,305.41736910779923,310.4515206404709,26297600
2023-09-27,AAPL,168.77684020996094,171.3615240971404,167.41023633579258,170.94559986493434,66921800
2023-09-27,GOOGL,129.6458282470703,130.00336294677095,127.6893361771831,127.6893361771831,22746500
2023-09-27,MSFT,308.146240234375,309.63380190644403,305.09225769207535,307.6634944681224,19410100
2023-09-28,AAPL,169.03431701660156,170.36131544966938,165.99408862675534,167.69740591218968,56294400
2023-09-28,GOOGL,131.4036865234375,132.38691057211608,128.9009440431534,128.9506045787111,22513100
2023-09-28,MSFT,308.983642578125,310.7963219055671,304.85584588034675,306.3729610383482,19683600
2023-09-29,AAPL,169.54930114746094,171.39126009408957,168.68772971206937,170.35144187875733,51861100
2023-09-29,GOOGL,129.963623046875,133.13177429920455,129.46704799551972,132.36704447692242,30859800
2023-09-29,MSFT,311.06231689453125,314.72709028665287,310.30375928067184,313.0326245233169,24147300
2023-10-02,AAPL,172.0646514892578,172.60931959526494,169.2719978061565,169.55919331240622,52164500
2023-10-02,GOOGL,133.2509765625,133.49926414240053,130.27152560369373,130.3112601028697,22288000
2023-10-02,MSFT,317.0224914550781,317.11118175682213,310.50077789049766,311.5844531197729,20570000
2023-10-03,AAPL,170.72772216796875,171.9458021063211,169.1630613901914,170.58908076573104,49594600
2023-10-03,GOOGL,131.5228729248047,133.34033959843973,130.9369179473362,133.0225394165618,22989400
2023-10-03,MSFT,308.7373046875,316.6185335781867,306.5896469657661,316.06681989649655,21033500
2023-10-04,AAPL,171.97552490234375,172.52019299821677,169.31161512407647,169.43044630471027,53020300
2023-10-04,GOOGL,134.31362915039062,134.64137051208016,131.6221856279351,131.880399206417,26752300
2023-10-04,MSFT,314.2246398925781,315.2886228065035,309.3382855829603,309.36783899365224,20720100
2023-10-05,AAPL,173.21339416503906,173.74814957044222,171.00501406167223,172.1042477774046,48527900
2023-10-05,GOOGL,134.144775390625,134.5618965647018,132.5358621143103,134.144775390625,19832600
2023-10-05,MSFT,314.61871337890625,315.2295340089772,310.2249357059366,314.3527326674706,16965600
2023-10-06,AAPL,175.7683563232422,176.26350633418187,171.50015053588783,172.1141468247828,57266700
2023-10-06,GOOGL,136.63758850097656,137.2136173603073,133.0920354756824,133.0920354756824,27597600
2023-10-06,MSFT,322.4014587402344,324.3027984562463,311.6041508921413,311.8504393547701,25673600
2023-10-09,AAPL,177.2538299560547,177.31324554755352,174.0947700479303,175.0949677633166,42390800
2023-10-09,GOOGL,137.47181701660156,137.98825924414984,134.68106802583353,136.00195930432739,19278100
2023-10-09,MSFT,324.9234619140625,325.396316538082,318.3820256796938,319.9287244962823,19891200
2023-10-10,AAPL,176.6596221923828,177.9767230488949,176.22388776036024,176.3724418317021,43698000
2023-10-10,GOOGL,137.1143035888672,138.76293643045838,136.3893082421022,137.55129206777264,27786600
2023-10-10,MSFT,323.51470947265625,326.18446817162754,322.80539744931383,326.0465321921805,20557100
2023-10-11,AAPL,178.05596923828125,178.10548726772782,175.87731193966172,176.4714829606774,47551100
2023-10-11,GOOGL,139.58726501464844,140.14342670743898,137.63075788905127,137.63075788905127,25884300
2023-10-11,MSFT,327.48486328125,327.87891881705485,324.25355978443383,326.29280544996425,20063200
2023-10-12,AAPL,178.95713806152344,180.57131695227565,177.30332359387822,178.3233466007442,56743100
2023-10-12,GOOGL,138.01808166503906,140.25266956903684,137.3129383696769,140.08383585702484,24765500
2023-10-12,MSFT,326.2435607910156,328.67689206438564,323.83978293130957,325.66232361261683,19313100
2023-10-13,AAPL,177.11520385742188,180.16531529722363,176.4120840387178,179.66026761502152,51427100
2023-10-13,GOOGL,136.41909790039062,139.0410135497291,135.68416137323422,138.42526533908884,23420500
2023-10-13,MSFT,322.8644714355469,328.87388567074674,321.51478545137195,327.4454306740634,21072400
2023-10-16,AAPL,176.9864044189453,177.34291299761338,174.79783492835955,175.03551235106417,52517000
2023-10-16,GOOGL,138.14718627929688,138.67355462493762,137.04478905169177,137.22354879733518,28501900
2023-10-16,MSFT,327.7015380859375,331.14957600318263,325.6918161389676,326.13511726105344,22158000
2023-10-17,AAPL,175.431640625,176.6893258679855,173.10444466932296,174.93649062028842,57549400
2023-10-17,GOOGL,138.76292419433594,138.94168392670608,136.24031461737772,137.68039429249387,23515800
2023-10-17,MSFT,327.1301574707031,328.50936673162636,322.5491984669727,324.6968264635894,18338500
2023-10-18,AAPL,174.13436889648438,175.85749653944856,173.4114540423014,173.87689630601963,54764400
2023-10-18,GOOGL,137.01499938964844,139.75608830865576,136.4389704924277,138.4947833931161,23375000
2023-10-18,MSFT,325.2091369628906,330.60779111602983,323.42601082295175,327.5538080369347,23153600
2023-10-19,AAPL,173.758056640625,176.11496052795673,173.4906713911534,174.33241738277906,59302900
2023-10-19,GOOGL,136.80642700195312,138.70334734005715,136.43896631236626,137.55128958091115,26066000
2023-10-19,MSFT,326.4011535644531,331.87860610828534,325.99723691191247,327.2188179633477,25052100
2023-10-20,AAPL,171.2030792236328,173.71843472751576,170.96540176933075,173.60950111647477,64244000
2023-10-20,GOOGL,134.67117309570312,136.9256131371894,134.1547307488375,136.38931869741043,26335700
2023-10-20,MSFT,321.8201904296875,326.9922476443287,320.6183016458001,326.7952048674921,25027700
2023-10-23,AAPL,171.3218994140625,172.32209697076135,168.28167117128655,169.25217604772806,55980100
2023-10-23,GOOGL,135.56500244140625,136.7170603116326,133.0324663979107,134.11499648001524,26317900
2023-10-23,MSFT,324.4308776855469,327.79025596929597,319.57407635184484,320.63802929650694,24374700
2023-10-24,AAPL,171.75762939453125,171.985394156852,169.7869270122857,171.3714130102576,43816600
2023-10-24,GOOGL,137.85916137695312,138.40539695654883,136.47868335993908,136.8858785332984,44814300
2023-10-24,MSFT,325.62286376953125,326.9134127609565,322.73637053310733,326.38142132445483,31153600
2023-10-25,AAPL,169.44033813476562,171.38131769667615,168.99469104064445,170.21277093543313,57157000
2023-10-25,GOOGL,124.74959564208984,127.43109811714302,124.21329363165228,127.28213165074476,84366200
2023-10-25,MSFT,335.61236572265625,341.0602651549816,332.607628527267,339.8977607961559,55053800
2023-10-26,AAPL,165.27117919921875,169.71763198356828,164.06301189675906,168.71741923518283,70625300
2023-10-26,GOOGL,121.44239807128906,123.47835889189942,120.43931430693331,122.42561458962273,57061100
2023-10-26,MSFT,323.0220947265625,336.5580983520132,322.086186588402,335.48428431504954,37828500
2023-10-27,AAPL,166.58828735351562,167.321114882013,165.2117707914918,165.29099661436564,58499100
2023-10-27,GOOGL,121.33314514160156,122.46533564236815,119.38657186700053,122.0382807989468,44566500
2023-10-27,MSFT,324.91351318359375,331.7209283092331,323.52444297089863,325.5243036180052,29856500
2023-10-30,AAPL,168.63816833496094,169.50963710831374,167.23194424845474,167.38049830433684,51131000
2023-10-30,GOOGL,123.60746765136719,124.54103122378429,121.90918179187298,122.36602995491228,28940100
2023-10-30,MSFT,332.30218505859375,334.41042836261755,326.9035320744479,328.4600917233916,22828100
2023-10-31,AAPL,169.11355590820312,169.24228464861295,166.27138428536674,167.70733154956028,44846000
2023-10-31,GOOGL,123.23007202148438,124.51123661998803,121.84959392373723,124.20335492205861,26292300
2023-10-31,MSFT,333.09033203125,333.9671333314319,329.7211229204908,333.81936627648764,20265300
2023-11-01,AAPL,172.28250122070312,172.53997379429074,168.46983997695696,169.34130885799144,56934900
2023-11-01,GOOGL,125.58383178710938,125.62355870184368,122.87253615641731,123.22013718892472,30082400
2023-11-01,MSFT,340.93212890625,342.26209233898635,334.60742928131657,334.7453652224834,28158800
2023-11-02,AAPL,175.84759521484375,176.05554977286621,173.75806140886317,173.8174769968696,77334800
2023-11-02,GOOGL,126.61671447753906,128.09650612590542,126.06055280075913,127.54034444912548,27124600
2023-11-02,MSFT,343.1487731933594,343.6511811792391,339.65145922211735,342.0847902707167,24348100
2023-11-03,AAPL,174.93650817871094,175.10487249469713,171.66852990822986,172.5498964006483,79829200
2023-11-03,GOOGL,128.2156982421875,128.64274555866953,126.9841865255831,127.1430941962939,26393100
2023-11-03,MSFT,347.562255859375,349.12867689079525,342.17346325846154,344.43933508440006,23637700
2023-11-06,AAPL,177.49147033691406,177.6895273209714,174.50077512285628,174.66912431484397,63841300
2023-11-06,GOOGL,129.35780334472656,129.44718321865057,127.78862433400963,128.16602622960193,19052700
2023-11-06,MSFT,351.2369079589844,352.23192298801735,348.1041258688438,348.2026472687151,23828300
2023-11-07,AAPL,180.05638122558594,180.67036248552094,177.23401974281032,177.4419743130807,70530000
2023-11-07,GOOGL,130.07289123535156,131.00645490781392,128.99036108505814,129.81467762235425,29757300
2023-11-07,MSFT,355.1775207519531,357.0788604906001,352.3205805643499,354.0642920772967,25833900
2023-11-08,AAPL,181.115966796875,181.67053238037917,179.8285737718667,180.5812114444328,49340300
2023-11-08,GOOGL,130.9369354248047,131.3044113505593,129.8841985032689,130.07289949001049,26425800
2023-11-08,MSFT,357.8078918457031,358.46792809184456,355.1972100806517,356.31043874613977,26767800
2023-11-09,AAPL,180.64064025878906,182.3340449245472,180.04645416963677,181.18530832204868,53763500
2023-11-09,GOOGL,129.34786987304688,131.64204409766117,129.17903618057173,131.0560891965532,23747800
2023-11-09,MSFT,355.3350830078125,359.3742191060245,355.0099654575065,356.92116600059455,24847300
2023-11-10,AAPL,184.8351287841797,185.00371491529177,181.98922784820692,182.425536381392,66133400
2023-11-10,GOOGL,131.6817626953125,131.8903308755952,128.5235527815123,129.20882874695465,26913300
2023-11-10,MSFT,364.1818542480469,364.60546320817616,355.7095247229065,356.12327252342453,28042100
2023-11-13,AAPL,183.24856567382812,184.46823531200093,182.66352248721634,184.26000678217753,43627500
2023-11-13,GOOGL,131.18521118164062,131.6817863001911,130.3509686195006,130.87733703282254,18324800
2023-11-13,MSFT,361.2361755371094,362.9996091955093,360.4677568025591,362.7533207541214,19986500
2023-11-14,AAPL,185.86639404296875,186.53076740007103,184.7359652497266,186.12420582715117,60108400
2023-11-14,GOOGL,132.70472717285156,134.7704814431392,132.4067942311074,133.27083007070482,32395200
2023-11-14,MSFT,364.77288818359375,366.42796942333877,361.8962559120404,365.5019224424188,27683900
2023-11-15,AAPL,186.43157958984375,187.9090759241039,186.20351476330887,186.27293434959842,53790500
2023-11-15,GOOGL,133.69786071777344,134.10505589307232,132.65506524316734,133.94614824111162,23861500
2023-11-15,MSFT,364.9210205078125,368.33656292908665,362.3938800199408,366.51032306456335,26860100
2023-11-16,AAPL,188.11732482910156,189.356830641734,187.06621119021287,187.9785007833142,54412900
2023-11-16,GOOGL,135.9920654296875,136.28008750757928,133.39995765428856,134.26399357942154,28013200
2023-11-16,MSFT,371.33746337890625,371.5151437395558,365.4243947338304,366.19437308883926,27182300
2023-11-17,AAPL,188.09751892089844,188.78172866103995,186.98692637498098,188.65281519385715,50922700
2023-11-17,GOOGL,134.38314819335938,135.12801082704152,132.73451526045164,135.06842424103002,37240600
2023-11-17,MSFT,365.0986633300781,369.56058551454436,362.2852703283084,368.81033934726474,40157000
2023-11-20,AAPL,189.84271240234375,190.29885721130628,188.28590092727276,188.29581152699646,46505100
2023-11-20,GOOGL,135.3166961669922,135.72389133009685,132.70470665032983,132.7742344288309,27815500
2023-11-20,MSFT,372.5911560058594,374.0027780403626,366.2338861383217,366.45106107636286,52465100
2023-11-21,AAPL,189.03952026367188,189.91213724546566,188.14708208188244,189.80306012274144,38134500
2023-11-21,GOOGL,136.0317840576172,136.2403371131516,135.02870781151344,135.35643404163898,22635300
2023-11-21,MSFT,368.27734375,371.3868710833452,366.3523824778883,370.8439487376381,28423100
2023-11-22,AAPL,189.70387268066406,191.31026728301677,189.22790671157534,189.88236937575067,39617700
2023-11-22,GOOGL,137.54135131835938,138.46497356017844,136.52833405776215,136.52833405776215,17813900
2023-11-22,MSFT,372.99591064453125,374.910990611704,370.15290409014983,373.14397762641977,23345300
2023-11-24,AAPL,188.3751678466797,189.29735306155973,187.66121116968733,189.26760612757576,24048300
2023-11-24,GOOGL,135.75369262695312,137.1838312275909,135.05849057227317,137.08451015366452,12514300
2023-11-24,MSFT,372.581298828125,373.114370096836,370.32073924284447,372.48257746347025,10176600
2023-11-27,AAPL,188.1966552734375,189.0692722786972,187.31412766791345,188.3255687303111,40552600
2023-11-27,GOOGL,135.47561645507812,137.47184281366268,135.06842125397912,135.098214546326,23436500
2023-11-27,MSFT,373.7461242675781,375.75007453622237,371.36711114799243,371.93964684936924,22179200
2023-11-28,AAPL,188.80154418945312,189.47584330827428,187.80993940877178,188.18675406725092,38415400
2023-11-28,GOOGL,136.2601776123047,136.30983814339234,134.4923718163018,135.14785445641968,18730000
2023-11-28,MSFT,377.7835693359375,378.07970326739826,373.30188504482646,373.489446576594,20453100
2023-11-29,AAPL,187.7801971435547,190.47736342450784,187.38356127369806,189.2973512852548,43014200
2023-11-29,GOOGL,134.06533813476562,137.3427213579803,133.916356526449,136.6276672242787,23967200
2023-11-29,MSFT,373.9830322265625,379.3629996146164,372.591142464095,378.82995852513955,28963400
2023-11-30,AAPL,188.35533142089844,188.7222354910008,186.61011239504938,188.24625428611483,48794400
2023-11-30,GOOGL,131.62217712402344,134.62149456857514,130.38073954068037,134.12491953523792,38988300
2023-11-30,MSFT,374.0422668457031,375.2071005292818,370.64645702621425,373.6276491974568,30554400
2023-12-01,AAPL,189.63450622558594,189.95181189166442,187.64137090627887,188.73214223180454,45704800
2023-12-01,GOOGL,130.95677185058594,131.20505937380074,129.77492081540063,130.95677185058594,31442300
2023-12-01,MSFT,369.6988220214844,373.3019258337439,366.5399191549517,371.9199171267098,33040500
2023-12-04,AAPL,187.8396759033203,188.45448112204545,185.87630278327032,188.38506152852514,43389500
2023-12-04,GOOGL,128.38450622558594,129.13929477876522,127.02388798210762,128.9903283387517,36669900
2023-12-04,MSFT,364.3977966308594,364.77288959280634,358.23793933360014,364.3583020623017,32063300
2023-12-05,AAPL,191.79620361328125,192.76797210608754,188.58339853026055,188.61316059527184,66628400
2023-12-05,GOOGL,130.09275817871094,131.23487491745817,127.37152100730603,128.06672315933784,27384800
2023-12-05,MSFT,367.73431396484375,368.287117368969,360.9229626368156,361.7423166959654,23065000
2023-12-06,AAPL,190.70542907714844,193.1249319103576,190.4971854261922,192.8175368647406,41089700
2023-12-06,GOOGL,129.12937927246094,130.93690456062552,128.99033886567904,130.53965058532518,23576200
2023-12-06,MSFT,364.0621337890625,369.37302349150957,363.30203657488124,368.74126102951465,21182100
2023-12-07,AAPL,192.63906860351562,193.3629358704378,191.9647694720094,192.00444213716838,47477700
2023-12-07,GOOGL,135.9920654296875,137.61090529334692,133.7773444692806,134.11501193953129,56767100
2023-12-07,MSFT,366.18450927734375,366.6780859011841,361.6139849204982,363.49945123863137,23118900
2023-12-08,AAPL,194.06695556640625,194.3446036620394,192.04407357743747,192.56962283922067,53406400
2023-12-08,GOOGL,134.06533813476562,135.46566826562713,133.1119073660502,133.2807410653947,32260100
2023-12-08,MSFT,369.42236328125,369.64938924330534,363.4994439145067,364.45698375048454,20154400
2023-12-11,AAPL,191.55821228027344,191.86562248491865,189.8129932403368,191.4888078106811,60943700
2023-12-11,GOOGL,132.37696838378906,132.42662891897587,130.4601959905728,131.47321332216674,31138000
2023-12-11,MSFT,366.5299987792969,366.8261628369694,361.39681982710596,363.7462494405494,27708800
2023-12-12,AAPL,193.0753631591797,193.08527375940776,190.11045957675134,191.45904261144975,52696900
2023-12-12,GOOGL,131.61227416992188,132.0889820423679,130.36089516762976,130.90713083098981,29032800
2023-12-12,MSFT,369.5704345703125,369.60992913503406,365.70078061680414,366.08578484040567,24838300
2023-12-13,AAPL,196.29806518554688,196.33772271445184,193.21417408717826,193.45214952198077,70404200
2023-12-13,GOOGL,131.66192626953125,132.5855486603067,130.66877609230048,132.4663754884051,30104800
2023-12-13,MSFT,369.5605773925781,372.7885879751983,366.00681947505166,371.1893743181654,30955500
2023-12-14,AAPL,196.4468231201172,197.9441408874326,194.51319682969313,196.35758232148717,66831600
2023-12-14,GOOGL,131.03623962402344,132.8040457651367,128.8016516772407,132.46637833464752,38722400
2023-12-14,MSFT,361.2290344238281,368.95846237315817,359.45217036391796,368.51423129541524,43277500
2023-12-15,AAPL,195.911376953125,196.7343956614167,195.34615492740625,195.87170428604514,128538400
2023-12-15,GOOGL,131.69171142578125,132.59546651397721,130.28142492549298,130.71841340115773,50847100
2023-12-15,MSFT,365.9673767089844,367.6159059530904,361.5745321982381,362.13721684465844,78502300
2023-12-18,AAPL,194.24545288085938,194.97924583916173,192.75804576345098,194.4437708037096,55751900
2023-12-18,GOOGL,134.86981201171875,136.2105558066686,131.5228852394692,131.721527420295,32258000
2023-12-18,MSFT,367.8626708984375,368.2081805782412,363.943671095841,364.70379841651464,21802900
2023-12-19,AAPL,195.28663635253906,195.29654695271066,194.24544836840317,194.51318587990949,40714100
2023-12-19,GOOGL,135.71395874023438,136.52834911810746,135.14787104828332,135.90265968897415,25476800
2023-12-19,MSFT,368.4648132324219,368.4648132324219,365.0887360317226,366.717532787326,20603700
2023-12-20,AAPL,193.19435119628906,196.0204155959587,193.19435119628906,195.24696511767544,52242800
2023-12-20,GOOGL,137.39236450195312,140.72934903863526,137.12422491860858,138.01805383828915,49107200
2023-12-20,MSFT,365.8587341308594,371.1992368493833,365.76989395307385,370.18247020291363,26316700
2023-12-21,AAPL,193.04559326171875,195.42545358966169,191.875506993429,194.45368523269553,46482500
2023-12-21,GOOGL,139.45814514160156,139.72629993086744,138.22663347448133,138.5345227569631,27488300
2023-12-21,MSFT,368.7412414550781,369.6000599811611,365.28620500497976,367.77382040386084,17708000
2023-12-22,AAPL,191.9746856689453,193.76948784569112,191.349969834571,193.54140785907617,37149600
2023-12-22,GOOGL,140.52081298828125,141.01738803787043,139.74615712326357,139.8057437045314,26532200
2023-12-22,MSFT,369.76788330078125,370.3601813274184,367.9219113827599,368.87945132359005,17107500
2023-12-26,AAPL,191.42930603027344,192.2622504150879,191.21115176796184,191.9846022868164,28919300
2023-12-26,GOOGL,140.5506134033203,141.7026560595198,140.22287203546634,140.62012603356706,16780300
2023-12-26,MSFT,369.84686279296875,372.097571135072,368.70176133814033,370.18249130335374,12673100
2023-12-27,AAPL,191.5284423828125,191.87551008122907,189.48573911500236,190.87399477798158,48087700
2023-12-27,GOOGL,139.40847778320312,141.10677115979163,138.9317699678128,140.62012214444914,19628600
2023-12-27,MSFT,369.26446533203125,370.241737520185,368.0206424558139,368.8893422344082,14905400
2023-12-28,AAPL,191.95486450195312,193.02579953233345,191.54830289093405,192.51016078496022,34049900
2023-12-28,GOOGL,139.26943969726562,140.1732099604458,138.7927318739171,139.8156753043673,16045700
2023-12-28,MSFT,370.4588928222656,371.62372649746874,369.3532859355964,370.5477330050664,14327000
2023-12-29,AAPL,190.9136505126953,192.76794644853246,190.1203637314106,192.27214410156537,42672100
2023-12-29,GOOGL,138.733154296875,139.3985631144452,137.8293839750218,138.6735677093716,18733000
2023-12-29,MSFT,371.20916748046875,372.31477445203035,368.6820572238906,371.16967290990425,18730800
